<?xml version="1.0" encoding="UTF-8" ?>
<!DOCTYPE configuration
        PUBLIC "-//mybatis.org//DTD Config 3.0//EN"
        "http://mybatis.org/dtd/mybatis-3-config.dtd">
<configuration>

    <!-- 全局配置 -->
    <settings>
        <!--允许 JDBC 支持自动生成主键-->
        <setting name="useGeneratedKeys" value="false"/>
        <!--是否开启自动驼峰命名规则（camel case）映射，即从经典数据库列名 A_COLUMN 到经典
            Java 属性名 aColumn 的类似映射。 -->
        <setting name="mapUnderscoreToCamelCase" value="true"/>

        <!-- 打印查询语句 -->
<!--        <setting name="logImpl" value="STDOUT_LOGGING" />-->
    </settings>

    <plugins>
        <plugin interceptor="com.github.pagehelper.PageHelper">
            <!--<property name="dialect" value="mysql"/>-->
            <property name="offsetAsPageNum" value="false"/>
            <property name="rowBoundsWithCount" value="false"/>
            <property name="pageSizeZero" value="true"/>
            <property name="reasonable" value="true"/>
            <property name="supportMethodsArguments" value="false"/>
            <property name="returnPageInfo" value="none"/>
        </plugin>
    </plugins>

</configuration>